RA,DEC,Name,Jmag,e_Jmag
10.684737,41.269035,00424433+4116085,9.453000,0.052000
10.683469,41.268585,00424403+4116069,9.321000,0.022000
10.685657,41.269550,00424455+4116103,10.773000,0.069000
10.686026,41.269226,00424464+4116092,9.299000,0.063000
10.683465,41.269676,00424403+4116108,11.507000,0.056000
10.686015,41.269630,00424464+4116106,9.399000,0.045000
10.685270,41.267124,00424446+4116016,12.070000,0.035000
